{"additionalCookies":{},"clientId":"1pbqjsplpfgdcg6d5ktkd241qn","clientSecret":"11gedo659daeird8c02evkb81ob7e1nclc3b69t0e3vstj8162gj","cognitoAuthDomain":"login.testsubdomain2.snel.guru","cookieCompatibility":"amplify","cookieSettings":{"accessToken":null,"idToken":null,"nonce":null,"refreshToken":null},"httpHeaders":{"Content-Security-Policy":"default-src 'none'; img-src 'self'; script-src 'self' https://code.jquery.com https://stackpath.bootstrapcdn.com; style-src 'self' 'unsafe-inline' https://stackpath.bootstrapcdn.com; object-src 'none'; connect-src 'self' https://*.amazonaws.com https://*.amazoncognito.com","Referrer-Policy":"same-origin","Strict-Transport-Security":"max-age=31536000; includeSubdomains; preload","X-Content-Type-Options":"nosniff","X-Frame-Options":"DENY","X-XSS-Protection":"1; mode=block"},"logLevel":"none","mode":"spaMode","nonceSigningSecret":"jvfg108gfhjhg!\u0026%j91kt","oauthScopes":["openid"],"redirectPathAuthRefresh":"/refreshauth","redirectPathSignIn":"/parseauth","redirectPathSignOut":"/logout","requiredGroup":"","userPoolArn":"arn:aws:cognito-idp:eu-central-1:076504012268:userpool/eu-central-1_DcsnDnlnI"}